{
  "train_loss": [
    0.47525535685241604,
    0.34692366084285603,
    0.3492186696381326,
    0.36284404219525634,
    0.3421666198854993
  ],
  "val_auc": [
    0.40787166357040405,
    0.421344131231308,
    0.40719205141067505,
    0.41416990756988525,
    0.41286906599998474
  ],
  "val_hits": [
    0.4453911781311035,
    0.4453911781311035,
    0.4453911781311035,
    0.4453911781311035,
    0.4453911781311035
  ]
}