{
  "train_loss": [
    0.26725170879986637,
    0.1517438181456487,
    0.14772555273571972,
    0.13564717704964102,
    0.13106483326643514,
    0.13569849303621015,
    0.15092037013690374,
    0.14040236472846215,
    0.1359873134998759,
    0.13830652526894194
  ],
  "val_auc": [
    0.019661761820316315,
    0.02231576293706894,
    0.024131201207637787,
    0.02602079138159752,
    0.025266535580158234,
    0.022848937660455704,
    0.025848904624581337,
    0.021620364859700203,
    0.025131279602646828,
    0.024472786113619804
  ],
  "val_hits": [
    0.02390998601913452,
    0.025316456332802773,
    0.026722924783825874,
    0.026722924783825874,
    0.026722924783825874,
    0.025316456332802773,
    0.026722924783825874,
    0.02390998601913452,
    0.025316456332802773,
    0.025316456332802773
  ]
}