{
  "train_loss": [
    0.7051388964056968,
    0.5281984221190215,
    0.5323615033179522,
    0.7612769769504666,
    0.6450355206150562,
    0.7838202045299113,
    0.8425363730155369,
    0.719460756983608,
    0.5397977856919169,
    0.6625782292336225,
    0.47694301115770943,
    0.6288435946388745,
    0.603355996747996,
    0.5176050094112725,
    0.5909508144832216,
    0.5895457170903683
  ],
  "val_auc": [
    0.3429032862186432,
    0.21554265916347504,
    0.3876717686653137,
    0.4159959852695465,
    0.22130602598190308,
    0.9997538328170776,
    0.9972572922706604,
    0.5043507218360901,
    0.9648168087005615,
    0.9648211598396301,
    0.9887005686759949,
    0.9840983748435974,
    0.9814571142196655,
    0.9788068532943726,
    0.9651248455047607,
    0.8629298210144043
  ],
  "val_hits": [
    0.004566209856420755,
    0.004566209856420755,
    0.004566209856420755,
    0.004566209856420755,
    0.004566209856420755,
    1.0,
    1.0,
    0.8949771523475647,
    0.9863013625144958,
    0.9726027250289917,
    0.9863013625144958,
    0.9863013625144958,
    0.9863013625144958,
    0.9863013625144958,
    0.956620991230011,
    0.956620991230011
  ]
}