{
  "train_loss": [
    0.8037849675252801,
    0.9253776596859098,
    0.7551809666154441,
    0.5153945176090928,
    0.6357990357326344,
    0.44227208591764794,
    0.718258188618347,
    0.579147884779377,
    0.797895025712205,
    0.48366166893392804,
    0.7089996442664415,
    0.8965035999659449,
    0.7606142220785841
  ],
  "val_auc": [
    0.00015861421707086265,
    0.00813203863799572,
    0.016230396926403046,
    0.00016720916028134525,
    0.00034107305691577494,
    0.00022325816098600626,
    0.0009196866303682327,
    0.0001708597264951095,
    2.920793576777214e-06,
    0.000312046060571447,
    0.010785016231238842,
    0.0028175252955406904,
    0.0012240977957844734
  ],
  "val_hits": [
    0.0,
    0.0,
    0.0,
    0.0,
    0.0,
    0.0,
    0.0,
    0.0,
    0.0,
    0.0,
    0.0,
    0.0,
    0.0
  ]
}