{
  "train_loss": [
    0.28605093596396364,
    0.17421890665320264,
    0.17562300628229122,
    0.19660900677939888,
    0.1892945727653754,
    0.16008642583990554,
    0.16561697019489519,
    0.16286438123684874,
    0.18256405290145022,
    0.1704847198335608
  ],
  "val_auc": [
    0.030761322006583214,
    0.037973545491695404,
    0.03698865696787834,
    0.04469115287065506,
    0.034914977848529816,
    0.04028085619211197,
    0.0498349629342556,
    0.03855011612176895,
    0.041833799332380295,
    0.03787081688642502
  ],
  "val_hits": [
    0.034682080149650574,
    0.040462426841259,
    0.040462426841259,
    0.040462426841259,
    0.040462426841259,
    0.040462426841259,
    0.05202312022447586,
    0.040462426841259,
    0.040462426841259,
    0.040462426841259
  ]
}